{
    "$schema": "https://schema.management.azure.com/schemas/2019-04-01/deploymentTemplate.json#",
    "contentVersion": "1.0.0.0",
    "parameters": {},
    "functions": [],
    "variables": {
        "subscriptionId":"[subscription().subscriptionId]"
    },
    "resources": [
        {
      "type": "Microsoft.Resources/deployments",
      "apiVersion": "2020-10-01",
      "name": "dbDeployment",
      "properties": {
       "mode": "Incremental",
       "expressionEvaluationOptions": {
        "scope": "inner"
      },
      "template": {
          "$schema": "https://schema.management.azure.com/schemas/2019-04-01/deploymentTemplate.json#",
          "contentVersion": "1.0.0.0",
          "parameters": {
          "SQLLogin": {
            "type": "string",
            "metadata": {
              "description": "The administrator user name for the Azure SQL Server"
            }
          },
          "SQLPassword": {
            "type": "secureString",
            "metadata": {
              "description": "The administrator password for the Azure SQL Server"
            }
          }
    },
   "resources": [
            {
            "name": "sqlserver600505",
            "type": "Microsoft.Sql/servers",
            "apiVersion": "2021-08-01-preview",
            "location": "[resourceGroup().location]",
            "properties": {
                "administratorLogin": "[parameters('SQLLogin')]",
                "administratorLoginPassword": "[parameters('SQLPassword')]"
              }
        },
        {
            "name": "[format('{0}/{1}', 'sqlserver600505', 'appdb')]",
            "type": "Microsoft.Sql/servers/databases",
            "apiVersion": "2021-08-01-preview",
            "location": "[resourceGroup().location]",            
            "dependsOn": [
                "[resourceId('Microsoft.Sql/servers', 'sqlserver600505')]"
            ],
            "sku": {
                "name": "Basic",
                "tier": "Basic"
              },
              "properties": {}
        }
    ],
    "outputs": {}},
    "parameters": {
          "SQLLogin": {
            "value": "sqlusr"
          },
          "SQLPassword": {
            "reference": {
              "keyVault": {
                "id": "[resourceId(variables('subscriptionId'), 'template-grp', 'Microsoft.KeyVault/vaults', 'keyvault67767')]"
              },
              "secretName": "dbpassword"
            }
          }
    }}}]
}